{"cameraMode":{"drawMode":0,"name":"Shaded","section":"Shading Mode"},"sceneLighting":true,"audioPlay":false,"sceneViewState":{"showFog":false,"showMaterialUpdate":false,"showSkybox":false,"showFlares":false,"showImageEffects":false,"showParticleSystems":false},"in2DMode":false,"pivot":{"x":-1.8787903785705567,"y":2.190365791320801,"z":0.09301233291625977},"rotation":{"x":-0.028645504266023637,"y":0.9585996866226196,"z":-0.10423349589109421,"w":-0.26344257593154909},"size":3.4488096237182619,"orthographic":false}